Filename,Distance
fresco71.jpg,0.20193583
fresco_30.jpg,0.23672181
fresco84.jpg,0.24774098
fresco_31.jpg,0.26251423
fresco26.jpg,0.2649982
