Filename,Distance
fresco101.jpg,0.20558679
fresco_17.jpg,0.21318161
fresco83.jpg,0.23843098
fresco108.jpg,0.23960304
fresco_25.jpg,0.24030113
